<?xml version="1.0" encoding="UTF-8"?>

<good>

<product>
<name>Armani Jeans Crew Neck Gradient T Shirt White</name>
<Brand>Armani</Brand>
<price>AU$70</price>
    
    <type>T-shirts</type>
    <Gender>Men</Gender>
   
	<PHOTO>ts01fa.jpg</PHOTO>
	<PHOTO>ts01bk.jpg</PHOTO>
	<details>
    <pd>
   Armani Jeans Crew Neck Gradient T Shirt In White, A classic t shirt with a ribbed crew neckline and short sleeves. An overall dip dye effect gradient design in white and navy.
    </pd>
    <Material>100% Cotton</Material>
	<Material>Machine wash</Material>
	<SizeNFit>Regular fit</SizeNFit>
	<SizeNFit>The model (height 5'8" and chest 33") is wearing a size S</SizeNFit>
	</details>
</product>

<product>
   <name>Armani Jeans Logo Crew Neck T Shirt Blue</name>
   <Brand>Armani</Brand>
    <Gender>Men</Gender>
	<price>AU$50</price>
    <type>T-shirts</type>
	
 
	<PHOTO>ts02fa.jpg</PHOTO>
	<PHOTO>ts02bk.jpg</PHOTO>
	<details>
	<pd>
	Armani Jeans Logo Crew Neck T Shirt In Night Blue, A ribbed crew neckline and short sleeves. A large signature Armani Jeans logo design is printed on the chest in blue and white.
    </pd>
    
    <Material>100% Cotton</Material>
	<Material>Machine wash</Material>
	<SizeNFit>Regular fit</SizeNFit>
	<SizeNFit>The model (height 5'8" and chest 33") is wearing a size S</SizeNFit>
	</details>
</product>

<product>
 <name>Versace Jeans Logo T Shirt Blue</name>
 <Brand>Versace</Brand>
 <price>AU$100</price> 
    <Gender>Men</Gender>
    <type>T-shirts</type>
	
   
	<PHOTO>ts03fa.jpg</PHOTO>
	<PHOTO>ts03bk.jpg</PHOTO>
		<details>
    <pd>
	Versace Jeans Logo T Shirt In Blue, Regular Fit. A classic cotton t shirt with a ribbed crew neck and short sleeves. The front of the body has repeated Versace Jeans logos printed in silver. Top stitching in blue.
    </pd>
	
    <Material>100% Cotton</Material>
	<Material>Machine wash</Material>
	<SizeNFit>Regular fit</SizeNFit>
	<SizeNFit>The model (height 5'8" and chest 33") is wearing a size S</SizeNFit>
	</details>
</product>

<product>

 <name>Versace Jeans Printed T Shirt Green</name>
 <Brand>Versace</Brand>
 <price>AU$150</price>
    <Gender>Men</Gender>
    <type>T-shirts</type>
	
   
	<PHOTO>ts04fa.jpg</PHOTO>
	<PHOTO>ts04bk.jpg</PHOTO>
		<details>
    <pd>
     Versace Jeans Printed T Shirt In Turquoise Green, Slim Fit. Allover baroque and animal print in turquoise green, blue, black and yellow with a ribbed crew neck in black and short sleeves. A signature Versace Jeans logo is printed on the chest in black.
    </pd>
	
    <Material>95% Cotton And 5% Elastane</Material>
	<Material>Machine wash</Material>
	<SizeNFit>Regular fit</SizeNFit>
	<SizeNFit>The model (height 5'8" and chest 33") is wearing a size S</SizeNFit>
		</details>
</product>

<product>
<name>Columbian-fit Hawaii print T-shirt</name>
<Brand>Armani</Brand>
<price>AU$1000</price>
    <Gender>Men</Gender>
    <type>T-shirts</type>
	
    
	<PHOTO>ts05fa.jpg</PHOTO>
	<PHOTO>ts05bk.jpg</PHOTO>
	<details>
    <pd>
     This multicolour blue Hawaii print T-shirt depicts the image of a windswept sea and sinking ship.
    </pd>
	
    <Material>100% Cotton</Material>
	<Material>Machine wash</Material>
	<SizeNFit>Regular fit</SizeNFit>
	<SizeNFit>The model (height 5'8" and chest 33") is wearing a size S</SizeNFit>
	</details>
</product>

<product>
    <name>Armani Collezioni Long Sleeved Check Shirt Navy</name>
	<Brand>Armani</Brand>
	<price>AU$200</price>
    <Gender>Men</Gender>
    <type>shirts</type>
	

    <PHOTO>s01fa.jpg</PHOTO>
	<PHOTO>s01bk.jpg</PHOTO>
	<details>
	<pd>
     Armani Collezioni Long Sleeved Check Shirt In Navy, An overall woven gingham check design in navy and white on a textured seersucker fabric. A full front grey pearlescent Armani Collezioni logo embossed button opening with a standard shirt collar and adjustable button fastening cuffs on the long sleeves.
    </pd>
	
    <Material>100% Cotton</Material>
	<Material>Machine wash</Material>
	<SizeNFit>Regular fit</SizeNFit>
	<SizeNFit>The model (height 5'8" and chest 33") is wearing a size S</SizeNFit>
	</details>
</product>

<product>
<name>Versace Jeans Long Sleeved Shirt Navy</name>
<Brand>Versace</Brand>
<price>AU$185</price>

    <Gender>Men</Gender>
    <type>shirts</type>
	
    
    <PHOTO>s02fa.jpg</PHOTO>
	<PHOTO>s02bk.jpg</PHOTO>
	<details>
	<pd>
    Versace Collezioni Long Sleeved Check Shirt In Navy, An overall woven gingham check design in navy and white on a textured seersucker fabric. A full front grey pearlescent Versace Collezioni logo embossed button opening with a standard shirt collar and adjustable button fastening cuffs on the long sleeves.
    </pd>
	
    <Material>100% Cotton</Material>
	<Material>Machine wash</Material>
	<SizeNFit>Regular fit</SizeNFit>
	<SizeNFit>The model (height 5'8" and chest 33") is wearing a size S</SizeNFit>
	</details>
</product>

<product>
  <name>Versace Jeans Long Sleeved Shirt Black</name>
  <Brand>Versace</Brand>
  <price>AU$200</price>
    <Gender>Men</Gender>
    <type>shirts</type>
	
  
	<PHOTO>s03fa.jpg</PHOTO>
	<PHOTO>s03bk.jpg</PHOTO>
	<details>
    <pd>
     Versace Jeans Long Sleeved Shirt In Black, Slim Fit. A full front black Versace Jeans button fastening with a dark metal Versace Jeans Tiger logo top button. A standard shirt collar with button fastening cuffs on the long sleeves. The front of the shirt features an overall Versace Jeans Tiger logo design in white. 
    </pd>
	
    <Material>96% Cotton And 4% Elastane.</Material>
	<Material>Machine wash</Material>
	<SizeNFit>Regular fit</SizeNFit>
	<SizeNFit>The model (height 5'8" and chest 33") is wearing a size S</SizeNFit>
	</details>
</product>

<product>
 <name>Jack Honey Newbill Comfort Fit Jeans Blue</name>
 <Brand>Jack Honey</Brand>
 	<price>AU$170</price>
    <Gender>Men</Gender>
    <type>pants</type>
	
   
	<PHOTO>p01fa.jpg</PHOTO>
	<PHOTO>p01bk.jpg</PHOTO>
	<details>
    <pd>
     Jack Honey Newbill Comfort Fit Forever Dark Jeans In An 11oz Dark Indigo Blue Stretch Denim, A full black and dark metal Jack Honey logo embossed button fly with six large belt loops on the waistband.
    </pd>

    <Material>100% Cotton</Material>
	<Material>Machine wash</Material>
	<SizeNFit>Regular fit</SizeNFit>
	<SizeNFit>The model (height 5'8" and chest 33") is wearing a size S</SizeNFit>
	</details>
</product>

<product>
 <name> Carlo Bruni Waitom Regular Slim Fit Jeans Blue</name>
 <Brand>Carlo Bruni</Brand>
 <price>AU$115</price>
    <Gender>Men</Gender>
    <type>pants</type>
	
   
	<PHOTO>p02fa.jpg</PHOTO>
	<PHOTO>p02bk.jpg</PHOTO>
	<details>
    <pd>
    Carlo Bruni Waitom Regular Slim Fit Jeans In An 11.5oz Deep Blue Denim, Intentional fading to typical stress points with intentional crease effect to the thighs, waistband and reverse of the knees.
    </pd>
	
    <Material>100% Cotton</Material>
	<Material>Machine wash</Material>
	<SizeNFit>Regular fit</SizeNFit>
	<SizeNFit>The model (height 5'8" and chest 33") is wearing a size S</SizeNFit>
	</details>
</product>




<product>
 <name>Armani Jeans Small Shoulder Bag Blue</name>
 <Brand>Armani</Brand>
 <price>AU$125</price>
    <Gender>Men</Gender>
    <type>Accessories</type>
	<and>bag</and>
   
	<PHOTO>a01fa.jpg</PHOTO>
	<PHOTO>a01bk.jpg</PHOTO>
	<details>
	<pd>
     Armani Jeans Small Shoulder Bag in Blue, Large adjustable shoulder strap in black with the body of the bag in a blue woven canvas fabric. 
    </pd>
	
    <Material>100% Polyester</Material>
	<Material>Hand wash</Material>
	<SizeNFit>The bag measures 8 inches in width and 8.5 inches in height.</SizeNFit>
	
	</details>
</product>



<product>
 <name>Armani Exchange Reversible Belt Black</name>
 <Brand>Armani</Brand>
 <price>AU$100</price>

    <Gender>Men</Gender>
    <type>Accessories</type>
	<and>ben</and>
   
	<PHOTO>a02fa.jpg</PHOTO>
	<PHOTO>a02bk.jpg</PHOTO>
	 <details>
    <pd>
     Armani Exchange Reversible Leather Belt In Black And Phantom Grey, A genuine leather belt strap with one side in black and the alternative side in phantom dark grey. Five holes at the squared end and a dark metal AX logo buckle. 
    </pd>
	
    <Material>100% Genuine Leather</Material>
	<SizeNFit>36” Waist</SizeNFit>
	</details>
	
</product>

<product>
 <name>Versace Jeans Reversible Leather Belt Black</name>
 <Brand>Versace</Brand>
   <price>AU$70</price>
   
    <Gender>Men</Gender>
    <type>Accessories</type>
	<and>ben</and>
	<PHOTO>a03fa.jpg</PHOTO>
	<PHOTO>a03bk.jpg</PHOTO>
	<details>
    <pd>
     Versace Jeans Reversible Leather Belt in Black And Blue, A square reversible silver coloured metal pin buckle featuring the signature Versace Jeans logo on the metal belt loop. The belt strap is in black saffiano leather on one side with the alternate side in a textured blue suede leather.
    </pd>
	
    <Material>100% Leather</Material>
	<SizeNFit>36” Waist</SizeNFit>
	</details>
	
</product>


<product>
    
	
    <name>A|X WINGS LOGO TEE</name>
	<Brand>Armani</Brand>
		<price>AU$50</price>
	<Gender>Lady</Gender>
    <type>T-shirts</type>
	<PHOTO>ts1fa.jpg</PHOTO>
	<PHOTO>ts1bk.jpg</PHOTO>
	<details>
    <pd>
     Delicate wings evoke A|X's classic eagle insignia in a new way.
    </pd>

    <Material>100% Cotton</Material>
	<Material>Machine wash</Material>
	<SizeNFit>Regular fit</SizeNFit>
	<SizeNFit>The model (height 5'8" and chest 33") is wearing a size S</SizeNFit>
	</details>
</product>


<product>
 <name>SEQUIN LOGO CREWNECK TEE</name>
 <Brand>Armani</Brand>
 <price>AU$50</price>
 
    <Gender>Lady</Gender>
    <type>T-shirts</type>
	
   
	<PHOTO>ts2fa.jpg</PHOTO>
	<PHOTO>ts2bk.jpg</PHOTO>
	<details>
    <pd>
     Our classic logo gets a glam update, studded in high-shine reflective sequins.
    </pd>
	
    <Material>100% Cotton</Material>
	<Material>Machine wash</Material>
	<SizeNFit>Regular fit</SizeNFit>
	<SizeNFit>The model (height 5'8" and chest 33") is wearing a size S</SizeNFit>
	</details>
</product>




<product>
 <name>Versace Embroidered T-shirt</name>
 	<Brand>Versace</Brand>
 <price>AU$415</price>
 
    <Gender>Lady</Gender>
    <type>T-shirts</type>

   
	<PHOTO>ts3fa.jpg</PHOTO>
	<PHOTO>ts3bk.jpg</PHOTO>
	<details>
     <pd>
     Embroidered in neon green, the designer's name serves as a bold announcement of the iconic house. Wear the buttoned-neck look with your favourite bomber jacket for downtown cool.
    </pd>
	
    <Material>90% viscose, 10% elastane</Material>
	<Material>Machine wash</Material>
	<SizeNFit>Regular fit</SizeNFit>
	<SizeNFit>The model (height 5'8" and chest 33") is wearing a size S</SizeNFit>
	</details>
</product>

<product>
  <name>Versace Logo contrast top</name>
  <Brand>Versace</Brand>
     <price>AU$1200</price>
    <Gender>Lady</Gender>
    <type>T-shirts</type>
	
  
	<PHOTO>ts4fa.jpg</PHOTO>
	<PHOTO>ts4bk.jpg</PHOTO>
	<details>
	<pd>
     Make a vibrant statement with this top from Versace with its contrasting colour panels. The designer logo emblazoned on the front has a tactile feel that shows your love for Versace artfully.
    </pd>
 
    <Material>71% acetate, 29% viscose</Material>
	<Material>Dry clean</Material>
	<SizeNFit>Regular fit</SizeNFit>
	<SizeNFit>The model (height 5'8" and chest 33") is wearing a size S</SizeNFit>
	</details>
</product>

<product>
 <name>Armani Blue stretch cotton plain shirt</name>
 <Brand>Armani</Brand>
 <price>AU$115</price>
 
 
    <Gender>Lady</Gender>
    <type>shirts</type>
	
   
	<PHOTO>s1fa.jpg</PHOTO>
	<PHOTO>s1bk.jpg</PHOTO>
	<details>
     <pd>
     Blue stretch cotton plain shirt from Armani Jeans. Crafted from a high quality fabric, this piece delivers a soft touch to the skin whilst keeping your basic ensembles stylish.
    </pd>
	
    <Material>100% Cotton</Material>
	<Material>Machine wash</Material>
	<SizeNFit>Regular fit</SizeNFit>
	<SizeNFit>The model (height 5'8" and chest 33") is wearing a size S</SizeNFit>
	</details>
</product>

<product>
 <name>Armani Chambray Shirt</name>
 <Brand>Armani</Brand>
 <price>AU$115</price>
    <Gender>Lady</Gender>
    <type>shirts</type>
	
   
	<PHOTO>s2fa.jpg</PHOTO>
	<PHOTO>s2bk.jpg</PHOTO>
	<details>
	<pd>
     This Armani Jeans Chambray shirt is a luxurious alternative to a classic denim shirt. Crafted from a high quality fabric, this piece delivers a soft touch to the skin whilst keeping your basic ensembles stylish.
    </pd>
    
    <Material>100% lyocell</Material>
	<Material>Machine wash</Material>
	<SizeNFit>Regular fit</SizeNFit>
	<SizeNFit>The model (height 5'8" and chest 33") is wearing a size S</SizeNFit>
	</details>
</product>

<product>
  <name>Versace Printed silk-twill shirt</name>
  <Brand>Versace</Brand>
  <price>AU$1350</price>
    <Gender>Lady</Gender>
    <type>shirts</type>
	
  
	<PHOTO>s3fa.jpg</PHOTO>
	<PHOTO>s3bk.jpg</PHOTO>
	<details>
    <pd>
     This silk-twill shirt is paneled with leopard spots through the front and zebra stripes at the back. It's finished with gold 'Medusa' buttons at the collar and cuffs and is intended for a slightly loose fit.
    </pd>
	
    <Material>100% silk</Material>
	<Material>Dry clean</Material>
	<SizeNFit>Regular fit</SizeNFit>
	<SizeNFit>The model (height 5'8" and chest 33") is wearing a size S</SizeNFit>
	</details>
</product>


<product>
 <name>Versace Baroccoflage print shirt</name>
 <Brand>Versace</Brand>
 <price>AU$1450</price>
 
    <Gender>Lady</Gender>
    <type>shirts</type>
	
   
	<PHOTO>s4fa.jpg</PHOTO>
	<PHOTO>s4bk.jpg</PHOTO>
     <details>
	 <pd>
     Cut in Italy from multicoloured silk, the vibrant piece boasts a classic collar, long sleeves with button cuffs, a concealed front button placket, a loose-fitting flowy silhouette.
    </pd>
	
    <Material>100% silk</Material>
	<Material>Dry clean</Material>
	<SizeNFit>Regular fit</SizeNFit>
	<SizeNFit>The model (height 5'8" and chest 33") is wearing a size S</SizeNFit>
	</details>
</product>

<product>
 <name>Versace printed shirt</name>
 <Brand>Versace</Brand>
 <price>AU$650</price>
    <Gender>Lady</Gender>
    <type>shirts</type>
	
   
	<PHOTO>s5fa.jpg</PHOTO>
	<PHOTO>s5bk.jpg</PHOTO>
	<details>
    <pd>
      This multicoloured printed shirt is a prime example, fashioned in Italy from lustrous silk. It features a classic collared neckline, long sleeves with buttoned cuffs, a concealed front button fastening, a loose fit and a curved hemline.
    </pd>
	
    <Material>100% silk</Material>
	<Material>Dry clean</Material>
	<SizeNFit>Regular fit</SizeNFit>
	<SizeNFit>The model (height 5'8" and chest 33") is wearing a size S</SizeNFit>
	</details>
</product>


<product>
 <name>Carlo Bruni Cream High Waisted Wide Leg pants</name>
 <Brand>Carlo Bruni</Brand>
 <price>AU$65</price>
    <Gender>Lady</Gender>
    <type>pants</type>
	
   
	<PHOTO>p1fa.jpg</PHOTO>
	<PHOTO>p1bk.jpg</PHOTO>
	<details>
    <pd>
     With super flattering curve skimming fabric and tailoring detail. Wear with a crop top, shirt or bodysuit for a sophisticated feel. Length approx 115cm/45".
    </pd>
	
    <Material>100% Cotton</Material>
	<Material>Machine wash</Material>
	<SizeNFit>Regular fit</SizeNFit>
	<SizeNFit>The model (height 5'8" and chest 33") is wearing a size S</SizeNFit>
	</details>
</product>


<product>
<name>Jack Honey loose fit cropped pants</name>
<Brand>Jack Honey</Brand>
<price>AU$115</price>
    <Gender>Lady</Gender>
    <type>pants</type>
	
    
	<PHOTO>p2fa.jpg</PHOTO>
	<PHOTO>p2bk.jpg</PHOTO>
	<details>
    <pd>
     Beige loose fit cropped trousers
    </pd>
	
    <Material>100% Cotton</Material>
	<Material>Machine wash</Material>
	<SizeNFit>Regular fit</SizeNFit>
	<SizeNFit>The model (height 5'8" and chest 33") is wearing a size S</SizeNFit>
	</details>
</product>


<product>

<name>Jack Honey striped flared trousers</name>
<Brand>Jack Honey</Brand>
<price>AU$515</price>


    <Gender>Lady</Gender>
    <type>pants</type>
	
    
	<PHOTO>p3fe.jpg</PHOTO>
	<PHOTO>p3bk.jpg</PHOTO>
	<details>
    <pd>
     Black and brown striped flared trousers from Jack Honey.
    </pd>
	
    <Material>100% Viscose</Material>
	<Material>Machine wash</Material>
	<SizeNFit>Regular fit</SizeNFit>
	<SizeNFit>The model (height 5'8" and chest 33") is wearing a size S</SizeNFit>
	</details>
</product>

<product>
    
	<name>Versace Medusa belt</name>
	<Brand>Versace</Brand>
	<price>AU$666</price>
    <type>Accessories</type>
	
    <Gender>Lady</Gender>
	<PHOTO>a1fe.jpg</PHOTO>
	<PHOTO>a1bk.jpg</PHOTO>
	<details>
    <pd>
     Black calf leather Medusa belt from Versace featuring gold-tone hardware and an adjustable fit.
    </pd>
	
    <Material>100% Calf Leather</Material>
	<SizeNFit>36” Waist</SizeNFit>
	</details>
	
</product>

<product>
  <name>Armani Borsa Bag</name>
  <Brand>Armani </Brand>
  <price>AU$666</price>
    <Gender>Lady</Gender>
    <type>Accessories</type>
	
  
	<PHOTO>a2fa.jpg</PHOTO>
	<PHOTO>a2bk.jpg</PHOTO>
	<details>
    <pd>
     The Borsa Shopping Bag from Armani Jeans is sleek and simple with its luxe leather-look shell, silver-toned hardware and elegant red lining.
    </pd>
	
    <Material>100% Calf Leather</Material>
	<SizeNFit>H28cm x W46cm x D8cm</SizeNFit>
	</details>
	
</product>

<product>
 <name>Carlo Bruni clutch</name>
 <Brand>Carlo Bruni </Brand>
 <price>AU$1666</price>
    <Gender>Lady</Gender>
    <type>Accessories</type>
	
   
	<PHOTO>a3fa.jpg</PHOTO>
	<PHOTO>a3bk.jpg</PHOTO>
	<details>
	<pd>
    Black leather knuckle box clutch from Alexander McQueen featuring gold-tone hardware, an oblong body, crystal embellishments and a gold-tone stud detailing.
    </pd>
    
    <Material>50% Leather</Material>
	<Material>50% other fibres</Material>
	<SizeNFit>H7cm x W22cm x D4.5cm</SizeNFit>
	</details>
	
</product>



</good>